{"cameraMode":{"drawMode":0,"name":"Shaded","section":"Shading Mode"},"sceneLighting":true,"audioPlay":false,"sceneViewState":{"showFog":true,"showMaterialUpdate":true,"showSkybox":true,"showFlares":true,"showImageEffects":true,"showParticleSystems":true},"in2DMode":false,"pivot":{"x":-0.18573006987571717,"y":-0.25836360454559328,"z":0.3386343717575073},"rotation":{"x":-0.0056609706953167919,"y":-0.8201766014099121,"z":0.572024941444397,"w":-0.008116581477224827},"size":1.1334528923034669,"orthographic":false}