{"cameraMode":{"drawMode":0,"name":"Shaded","section":"Shading Mode"},"sceneLighting":true,"audioPlay":false,"sceneViewState":{"showFog":true,"showMaterialUpdate":true,"showSkybox":true,"showFlares":true,"showImageEffects":true,"showParticleSystems":true},"in2DMode":false,"pivot":{"x":-4.284623622894287,"y":48.97049331665039,"z":-37.70243453979492},"rotation":{"x":0.9523628950119019,"y":0.00045741500798612833,"z":-0.0014282537158578635,"w":0.3049635589122772},"size":2.6037094593048097,"orthographic":false}